name,bus
AB_Central_load,AB_Central
AB_North_load,AB_North
AB_South_load,AB_South
AB_South_US_trade,AB_South
BC_North_load,BC_North
BC_South_load,BC_South
BC_South_US_trade,BC_South
MB_load,MB
MB_US_trade,MB
NB_East_load,NB_East
NB_West_load,NB_West
NB_West_US_trade,NB_West
NL_Labrador_load,NL_Labrador
NL_Newfoundland_load,NL_Newfoundland
NS_East_load,NS_East
NS_West_load,NS_West
ON_East_load,ON_East
ON_East_US_trade,ON_East
ON_North_load,ON_North
ON_Northwest_load,ON_Northwest
ON_Northwest_US_trade,ON_Northwest
ON_South_load,ON_South
ON_South_US_trade,ON_South
ON_Toronto_load,ON_Toronto
PE_load,PE
QC_Central_load,QC_Central
QC_East_load,QC_East
QC_North_load,QC_North
QC_South_load,QC_South
QC_South_US_trade,QC_South
SK_load,SK
SK_US_trade,SK
